page_id,title,url,section,field_count
wuilib-login-html-hashlogin-log-in, / Log In,https://192.168.0.107/wuilib/login.html?path=/home/index.html&hash=hashHome#hashLogin,Other,5
home-index-html-hashhome-cloning,Home / Cloning,https://192.168.0.107/home/index.html#hashHome,Home,5
home-index-html-hashsupport-hashhome-page,Support,https://192.168.0.107/home/index.html#hashSupport/hashHome,Home,6
home-index-html-hashsupport-hashhome-confirmation,Support / Confirmation,https://192.168.0.107/home/index.html#hashSupport/hashHome,Home,3
apps-index-html-hashapps-edit-apps-screen-of-device,Apps / Edit Apps Screen of Device,https://192.168.0.107/apps/index.html#hashApps,Apps,3
apps-index-html-hashapps-page,Apps,https://192.168.0.107/apps/index.html#hashApps,Apps,5
apps-index-html-hashpreferences-hashapps-page,Screen Default,https://192.168.0.107/apps/index.html#hashPreferences/hashApps,Apps,1
apps-index-html-hashapps-web-browser-setup,Apps / Web Browser Setup,https://192.168.0.107/apps/index.html#hashApps,Apps,14
apps-index-html-hashapps-enable-add-on-apps,Apps / Enable Add-on Apps,https://192.168.0.107/apps/index.html#hashApps,Apps,3
apps-stdcopy-index-html-opt-7b-22data-22-3a-7b-22appid-22-3a-22appid-std-copy-22,Copy,https://192.168.0.107/apps/stdcopy/index.html#opt/%7B%22data%22%3A%7B%22appId%22%3A%22appId.std.copy%22%2C%22subId%22%3A%22copy%22%7D%7D/hashCopy/hashApps,Apps,7
connectivity-index-html-hashnetwork-hashconnectivity-page,Ethernet,https://192.168.0.107/connectivity/index.html#hashNetwork/hashConnectivity,Connectivity,4
connectivity-index-html-hashnetwork-hashconnectivity-network-name,Ethernet / Network Name,https://192.168.0.107/connectivity/index.html#hashNetwork/hashConnectivity,Connectivity,3
connectivity-index-html-hashnetwork-hashconnectivity-common,Ethernet / Common,https://192.168.0.107/connectivity/index.html#hashNetwork/hashConnectivity,Connectivity,8
connectivity-index-html-hashnetwork-hashconnectivity-ipv4,Ethernet / IPv4,https://192.168.0.107/connectivity/index.html#hashNetwork/hashConnectivity,Connectivity,10
connectivity-index-html-hashnetwork-hashconnectivity-dns-configuration,Ethernet / DNS Configuration,https://192.168.0.107/connectivity/index.html#hashNetwork/hashConnectivity,Connectivity,14
connectivity-index-html-hashnetwork-hashconnectivity-802-1x,Ethernet / 802.1X,https://192.168.0.107/connectivity/index.html#hashNetwork/hashConnectivity,Connectivity,11
connectivity-index-html-hashconnectivity-usb,Network / USB,https://192.168.0.107/connectivity/index.html#hashConnectivity,Connectivity,24
connectivity-index-html-hashconnectivity-nfc,Network / NFC,https://192.168.0.107/connectivity/index.html#hashConnectivity,Connectivity,3
connectivity-index-html-hashconnectivity-page,Network,https://192.168.0.107/connectivity/index.html#hashConnectivity,Connectivity,3
connectivity-index-html-hashmobileprint-hashconnectivity-page,Mobile Printing,https://192.168.0.107/connectivity/index.html#hashMobileprint/hashConnectivity,Connectivity,1
connectivity-index-html-hashmobileprint-hashconnectivity-airprint,Mobile Printing / AirPrint™,https://192.168.0.107/connectivity/index.html#hashMobileprint/hashConnectivity,Connectivity,56
connectivity-index-html-hashmobileprint-hashconnectivity-mopria,Mobile Printing / Mopria®,https://192.168.0.107/connectivity/index.html#hashMobileprint/hashConnectivity,Connectivity,3
connectivity-index-html-hashmobileprint-hashconnectivity-print-utility,Mobile Printing / Print Utility,https://192.168.0.107/connectivity/index.html#hashMobileprint/hashConnectivity,Connectivity,5
connectivity-index-html-hashmobileprint-hashconnectivity-universal-print,Mobile Printing / Universal Print,https://192.168.0.107/connectivity/index.html#hashMobileprint/hashConnectivity,Connectivity,3
connectivity-index-html-hashprotocol-hashconnectivity-page,Protocols,https://192.168.0.107/connectivity/index.html#hashProtocol/hashConnectivity,Connectivity,1
connectivity-index-html-hashprotocol-hashconnectivity-bonjour,Protocols / Bonjour,https://192.168.0.107/connectivity/index.html#hashProtocol/hashConnectivity,Connectivity,6
connectivity-index-html-hashprotocol-hashconnectivity-ftp,Protocols / FTP,https://192.168.0.107/connectivity/index.html#hashProtocol/hashConnectivity,Connectivity,5
connectivity-index-html-hashprotocol-hashconnectivity-http,Protocols / HTTP,https://192.168.0.107/connectivity/index.html#hashProtocol/hashConnectivity,Connectivity,23
connectivity-index-html-hashprotocol-hashconnectivity-ipp,Protocols / IPP,https://192.168.0.107/connectivity/index.html#hashProtocol/hashConnectivity,Connectivity,23
connectivity-index-html-hashprotocol-hashconnectivity-ipsec,Protocols / IPsec,https://192.168.0.107/connectivity/index.html#hashProtocol/hashConnectivity,Connectivity,13
connectivity-index-html-hashprotocol-hashconnectivity-ldap,Protocols / LDAP,https://192.168.0.107/connectivity/index.html#hashProtocol/hashConnectivity,Connectivity,40
connectivity-index-html-hashprotocol-hashconnectivity-lpd,Protocols / LPD,https://192.168.0.107/connectivity/index.html#hashProtocol/hashConnectivity,Connectivity,12
connectivity-index-html-hashprotocol-hashconnectivity-pop3,Protocols / POP3,https://192.168.0.107/connectivity/index.html#hashProtocol/hashConnectivity,Connectivity,19
connectivity-index-html-hashprotocol-hashconnectivity-port-9100,Protocols / Port 9100,https://192.168.0.107/connectivity/index.html#hashProtocol/hashConnectivity,Connectivity,10
connectivity-index-html-hashprotocol-hashconnectivity-s-mime-settings,Protocols / S/MIME Settings,https://192.168.0.107/connectivity/index.html#hashProtocol/hashConnectivity,Connectivity,3
connectivity-index-html-hashprotocol-hashconnectivity-sftp,Protocols / SFTP,https://192.168.0.107/connectivity/index.html#hashProtocol/hashConnectivity,Connectivity,3
connectivity-index-html-hashprotocol-hashconnectivity-smb,Protocols / SMB,https://192.168.0.107/connectivity/index.html#hashProtocol/hashConnectivity,Connectivity,7
connectivity-index-html-hashprotocol-hashconnectivity-smtp,Protocols / SMTP,https://192.168.0.107/connectivity/index.html#hashProtocol/hashConnectivity,Connectivity,25
connectivity-index-html-hashprotocol-hashconnectivity-snmp,Protocols / SNMP,https://192.168.0.107/connectivity/index.html#hashProtocol/hashConnectivity,Connectivity,38
connectivity-index-html-hashprotocol-hashconnectivity-sntp,Protocols / SNTP,https://192.168.0.107/connectivity/index.html#hashProtocol/hashConnectivity,Connectivity,5
connectivity-index-html-hashprotocol-hashconnectivity-soap,Protocols / SOAP,https://192.168.0.107/connectivity/index.html#hashProtocol/hashConnectivity,Connectivity,5
connectivity-index-html-hashprotocol-hashconnectivity-ssdp,Protocols / SSDP,https://192.168.0.107/connectivity/index.html#hashProtocol/hashConnectivity,Connectivity,5
connectivity-index-html-hashprotocol-hashconnectivity-thinprint,Protocols / ThinPrint,https://192.168.0.107/connectivity/index.html#hashProtocol/hashConnectivity,Connectivity,9
connectivity-index-html-hashprotocol-hashconnectivity-upnp,Protocols / UPnP,https://192.168.0.107/connectivity/index.html#hashProtocol/hashConnectivity,Connectivity,4
connectivity-index-html-hashprotocol-hashconnectivity-webdav,Protocols / WebDAV,https://192.168.0.107/connectivity/index.html#hashProtocol/hashConnectivity,Connectivity,5
connectivity-index-html-hashprotocol-hashconnectivity-wsd,Protocols / WSD,https://192.168.0.107/connectivity/index.html#hashProtocol/hashConnectivity,Connectivity,12
permissions-index-html-hashloginoutsettings-hashpermissions-page,Authentication and Accounting,https://192.168.0.107/permissions/index.html#hashLogInOutSettings/hashPermissions,Permissions,3
permissions-index-html-hashloginoutsettings-hashpermissions-authentication-accou,Authentication and Accounting / Authentication/Accounting Type,https://192.168.0.107/permissions/index.html#hashLogInOutSettings/hashPermissions,Permissions,6
permissions-index-html-hashloginoutsettings-hashpermissions-advanced-settings,Authentication and Accounting / Advanced Settings,https://192.168.0.107/permissions/index.html#hashLogInOutSettings/hashPermissions,Permissions,9
permissions-index-html-hashloginoutsettings-hashpermissions-password-policy,Authentication and Accounting / Password Policy,https://192.168.0.107/permissions/index.html#hashLogInOutSettings/hashPermissions,Permissions,7
permissions-index-html-hashloginoutsettings-hashpermissions-logout-confirmation,Authentication and Accounting / Logout Confirmation,https://192.168.0.107/permissions/index.html#hashLogInOutSettings/hashPermissions,Permissions,4
system-index-html-hashsystem-power-saver,System / Power Saver,https://192.168.0.107/system/index.html#hashSystem,System,8
system-index-html-hashsystem-timeouts,System / Timeouts,https://192.168.0.107/system/index.html#hashSystem,System,3
system-index-html-hashsecurity-hashsystem-page,Security,https://192.168.0.107/system/index.html#hashSecurity/hashSystem,System,11
system-index-html-hashsecurity-hashsystem-power-on-self-test,Security / Power On Self-Test,https://192.168.0.107/system/index.html#hashSecurity/hashSystem,System,4
system-index-html-hashsecurity-hashsystem-runtime-integrity-protection,Security / Runtime Integrity Protection,https://192.168.0.107/system/index.html#hashSecurity/hashSystem,System,5
system-index-html-hashsecurity-hashsystem-power-on-integrity-check,Security / Power On Integrity Check,https://192.168.0.107/system/index.html#hashSecurity/hashSystem,System,4
system-index-html-hashsecurity-hashsystem-security-code-settings,Security / Security Code Settings,https://192.168.0.107/system/index.html#hashSecurity/hashSystem,System,3
system-index-html-hashsecurity-hashsystem-service-representative-operation-setti,Security / Service Representative Operation Settings,https://192.168.0.107/system/index.html#hashSecurity/hashSystem,System,5
system-index-html-hashsecurity-hashsystem-security-warning-settings,Security / Security Warning Settings,https://192.168.0.107/system/index.html#hashSecurity/hashSystem,System,5
system-index-html-hashsecurity-hashsystem-usb,Security / USB,https://192.168.0.107/system/index.html#hashSecurity/hashSystem,System,13
system-index-html-hashsecurity-hashsystem-print-files-in-folder-with-internet-se,Security / Print Files in Folder with Internet Services,https://192.168.0.107/system/index.html#hashSecurity/hashSystem,System,4
system-index-html-hashsecurity-hashsystem-link-and-start-job-flow-sheets,Security / Link and Start Job Flow Sheets,https://192.168.0.107/system/index.html#hashSecurity/hashSystem,System,4
system-index-html-hashsecurity-hashsystem-certificate-settings,Security / Certificate Settings,https://192.168.0.107/system/index.html#hashSecurity/hashSystem,System,13
system-index-html-hashsecurity-hashsystem-ssl-tls-settings,Security / SSL/TLS Settings,https://192.168.0.107/system/index.html#hashSecurity/hashSystem,System,13
system-index-html-hashsecurity-hashsystem-unbounded-port,Security / Unbounded Port,https://192.168.0.107/system/index.html#hashSecurity/hashSystem,System,2
system-index-html-hashsecurity-hashsystem-ip-filter,Security / IP Filter,https://192.168.0.107/system/index.html#hashSecurity/hashSystem,System,8
system-index-html-hashsecurity-hashsystem-domain-filtering,Security / Domain Filtering,https://192.168.0.107/system/index.html#hashSecurity/hashSystem,System,6
system-index-html-hashsecurity-hashsystem-force-annotation,Security / Force Annotation,https://192.168.0.107/system/index.html#hashSecurity/hashSystem,System,3
system-index-html-hashsecurity-hashsystem-print-universal-unique-id,Security / Print Universal Unique ID,https://192.168.0.107/system/index.html#hashSecurity/hashSystem,System,7
system-index-html-hashsystem-defaults,System / Defaults,https://192.168.0.107/system/index.html#hashSystem,System,63
system-index-html-hashsystem-page,System,https://192.168.0.107/system/index.html#hashSystem,System,16
system-index-html-hashsystem-edit-control-menu,System / Edit Control Menu,https://192.168.0.107/system/index.html#hashSystem,System,12
system-index-html-hashpdlsetting-hashsystem-page,Language Emulations,https://192.168.0.107/system/index.html#hashPdlSetting/hashSystem,System,11
system-index-html-hashpdlsetting-hashsystem-esc-p-settings,Language Emulations / ESC/P Settings,https://192.168.0.107/system/index.html#hashPdlSetting/hashSystem,System,24
system-index-html-hashpdlsetting-hashsystem-hp-gl-2-settings,Language Emulations / HP-GL/2 Settings,https://192.168.0.107/system/index.html#hashPdlSetting/hashSystem,System,23
system-index-html-hashpdlsetting-hashsystem-ks,Language Emulations / KS,https://192.168.0.107/system/index.html#hashPdlSetting/hashSystem,System,25
system-index-html-hashlogs-hashsystem-page,Logs,https://192.168.0.107/system/index.html#hashLogs/hashSystem,System,3
system-index-html-hashlogs-hashsystem-audit-log,Logs / Audit Log,https://192.168.0.107/system/index.html#hashLogs/hashSystem,System,4
system-index-html-hashlogs-hashsystem-diagnostic-log,Logs / Diagnostic Log,https://192.168.0.107/system/index.html#hashLogs/hashSystem,System,2
system-index-html-hashsoftwareupdate-hashsystem-page,Software Update,https://192.168.0.107/system/index.html#hashSoftwareUpdate/hashSystem,System,5
system-index-html-hashsoftwareupdate-hashsystem-confirmation,Software Update / Confirmation,https://192.168.0.107/system/index.html#hashSoftwareUpdate/hashSystem,System,2
system-index-html-hashsoftwareupdate-hashsystem-software-download-via-network,Software Update / Software Download via Network,https://192.168.0.107/system/index.html#hashSoftwareUpdate/hashSystem,System,4
system-index-html-hashsystem-plug-in-settings,System / Plug-in Settings,https://192.168.0.107/system/index.html#hashSystem,System,5
system-index-html-hashsystem-measurements,System / Measurements,https://192.168.0.107/system/index.html#hashSystem,System,3
system-index-html-hashsystem-pins-settings,System / Pins Settings,https://192.168.0.107/system/index.html#hashSystem,System,8
system-index-html-hashsystem-audio-tones,System / Audio Tones,https://192.168.0.107/system/index.html#hashSystem,System,19
system-index-html-hashepservice-hashsystem-page,EP Service,https://192.168.0.107/system/index.html#hashEPService/hashSystem,System,5
system-index-html-hashepservice-hashsystem-ep-diagnostics-request-repair-request,EP Service / EP Diagnostics Request / Repair Request,https://192.168.0.107/system/index.html#hashEPService/hashSystem,System,2
system-index-html-hashepservice-hashsystem-check-ep-connection,EP Service / Check EP Connection,https://192.168.0.107/system/index.html#hashEPService/hashSystem,System,3
system-index-html-hashepservice-hashsystem-ep-registration-cancel-registration,EP Service / EP Registration / Cancel Registration,https://192.168.0.107/system/index.html#hashEPService/hashSystem,System,4
system-index-html-hashsystem-remote-assistance-settings,System / Remote Assistance Settings,https://192.168.0.107/system/index.html#hashSystem,System,4
system-index-html-hashmaintenance-hashsystem-page,Maintenance,https://192.168.0.107/system/index.html#hashMaintenance/hashSystem,System,1
system-index-html-hashepservice-hashsystem-ep-proxy-server-setup,EP Service / EP Proxy Server Setup,https://192.168.0.107/system/index.html#hashEPService/hashSystem,System,13
